{"Product_Info_1": {"count": 19016, "sum": 19537.0}, "Product_Info_3": {"count": 18999, "sum": 464182.0}, "Product_Info_4": {"count": 19016, "sum": 6230.62997817068}, "Product_Info_5": {"count": 19049, "sum": 38225.0}, "Product_Info_6": {"count": 19009, "sum": 50807.0}, "Product_Info_7": {"count": 18945, "sum": 19750.0}, "Ins_Age": {"count": 19022, "sum": 7692.522387969969}, "Ht": {"count": 19032, "sum": 13466.236363593065}, "Wt": {"count": 19009, "sum": 5574.230125841864}, "BMI": {"count": 19007, "sum": 8950.19205669292}, "Employment_Info_1": {"count": 19024, "sum": 1475.3801739899382}, "Employment_Info_2": {"count": 19036, "sum": 164545.0}, "Employment_Info_3": {"count": 18946, "sum": 24602.0}, "Employment_Info_4": {"count": 16850, "sum": 101.54098060000076}, "Employment_Info_5": {"count": 19018, "sum": 40771.0}, "Employment_Info_6": {"count": 15525, "sum": 5616.987512860132}, "InsuredInfo_1": {"count": 19011, "sum": 22950.0}, "InsuredInfo_2": {"count": 18990, "sum": 38129.0}, "InsuredInfo_3": {"count": 18981, "sum": 110461.0}, "InsuredInfo_4": {"count": 19022, "sum": 54864.0}, "InsuredInfo_5": {"count": 19013, "sum": 19553.0}, "InsuredInfo_6": {"count": 18984, "sum": 26703.0}, "InsuredInfo_7": {"count": 19042, "sum": 19778.0}, "Insurance_History_1": {"count": 19039, "sum": 32917.0}, "Insurance_History_2": {"count": 19031, "sum": 20106.0}, "Insurance_History_3": {"count": 18987, "sum": 40793.0}, "Insurance_History_4": {"count": 18987, "sum": 37273.0}, "Insurance_History_5": {"count": 10890, "sum": 18.399182404671155}, "Insurance_History_7": {"count": 19036, "sum": 36264.0}, "Insurance_History_8": {"count": 19010, "sum": 38925.0}, "Insurance_History_9": {"count": 18986, "sum": 45953.0}, "Family_Hist_1": {"count": 18923, "sum": 50808.0}, "Family_Hist_3": {"count": 8076, "sum": 4010.098039225987}, "Medical_History_1": {"count": 16260, "sum": 128818.0}, "Medical_History_2": {"count": 19033, "sum": 4883706.0}, "Medical_History_3": {"count": 18897, "sum": 39657.0}, "Medical_History_4": {"count": 19095, "sum": 31490.0}, "Medical_History_5": {"count": 19035, "sum": 19181.0}, "Medical_History_6": {"count": 19068, "sum": 55121.0}, "Medical_History_7": {"count": 18945, "sum": 38138.0}, "Medical_History_8": {"count": 18980, "sum": 38779.0}, "Medical_History_9": {"count": 19019, "sum": 33712.0}, "Medical_History_11": {"count": 19013, "sum": 56925.0}, "Medical_History_12": {"count": 18988, "sum": 39009.0}, "Medical_History_13": {"count": 18996, "sum": 52570.0}, "Medical_History_14": {"count": 19038, "sum": 56484.0}, "Medical_History_16": {"count": 19036, "sum": 25254.0}, "Medical_History_17": {"count": 18992, "sum": 56565.0}, "Medical_History_18": {"count": 19006, "sum": 20045.0}, "Medical_History_19": {"count": 19064, "sum": 19711.0}, "Medical_History_20": {"count": 19035, "sum": 37787.0}, "Medical_History_21": {"count": 18966, "sum": 21065.0}, "Medical_History_22": {"count": 18981, "sum": 37614.0}, "Medical_History_23": {"count": 18956, "sum": 47942.0}, "Medical_History_25": {"count": 19060, "sum": 22760.0}, "Medical_History_26": {"count": 18996, "sum": 53391.0}, "Medical_History_27": {"count": 18974, "sum": 56536.0}, "Medical_History_28": {"count": 19008, "sum": 20325.0}, "Medical_History_29": {"count": 19029, "sum": 48365.0}, "Medical_History_30": {"count": 18984, "sum": 38747.0}, "Medical_History_31": {"count": 18992, "sum": 56681.0}, "Medical_History_33": {"count": 18993, "sum": 53281.0}, "Medical_History_34": {"count": 19009, "sum": 51130.0}, "Medical_History_37": {"count": 18952, "sum": 36717.0}, "Medical_History_38": {"count": 19016, "sum": 19117.0}, "Medical_History_39": {"count": 18987, "sum": 53659.0}, "Medical_History_40": {"count": 19053, "sum": 56560.0}, "Medical_History_41": {"count": 18996, "sum": 31317.0}, "Medical_Keyword_1": {"count": 18948, "sum": 776.0}, "Medical_Keyword_2": {"count": 19096, "sum": 176.0}, "Medical_Keyword_3": {"count": 19062, "sum": 969.0}, "Medical_Keyword_4": {"count": 18993, "sum": 291.0}, "Medical_Keyword_5": {"count": 19003, "sum": 170.0}, "Medical_Keyword_6": {"count": 19001, "sum": 241.0}, "Medical_Keyword_7": {"count": 19085, "sum": 256.0}, "Medical_Keyword_8": {"count": 19021, "sum": 227.0}, "Medical_Keyword_9": {"count": 18980, "sum": 138.0}, "Medical_Keyword_10": {"count": 18971, "sum": 682.0}, "Medical_Keyword_11": {"count": 19015, "sum": 1103.0}, "Medical_Keyword_12": {"count": 18999, "sum": 192.0}, "Medical_Keyword_13": {"count": 18969, "sum": 104.0}, "Medical_Keyword_14": {"count": 18981, "sum": 143.0}, "Medical_Keyword_15": {"count": 18985, "sum": 3603.0}, "Medical_Keyword_16": {"count": 18969, "sum": 245.0}, "Medical_Keyword_17": {"count": 18968, "sum": 174.0}, "Medical_Keyword_18": {"count": 18956, "sum": 140.0}, "Medical_Keyword_19": {"count": 19063, "sum": 181.0}, "Medical_Keyword_21": {"count": 18966, "sum": 291.0}, "Medical_Keyword_22": {"count": 18968, "sum": 730.0}, "Medical_Keyword_23": {"count": 18908, "sum": 1852.0}, "Medical_Keyword_24": {"count": 19002, "sum": 359.0}, "Medical_Keyword_25": {"count": 18993, "sum": 1705.0}, "Medical_Keyword_26": {"count": 18974, "sum": 259.0}, "Medical_Keyword_27": {"count": 18963, "sum": 225.0}, "Medical_Keyword_28": {"count": 19072, "sum": 279.0}, "Medical_Keyword_29": {"count": 18990, "sum": 207.0}, "Medical_Keyword_30": {"count": 18995, "sum": 464.0}, "Medical_Keyword_31": {"count": 19020, "sum": 207.0}, "Medical_Keyword_32": {"count": 19011, "sum": 402.0}, "Medical_Keyword_33": {"count": 19010, "sum": 456.0}, "Medical_Keyword_34": {"count": 18978, "sum": 380.0}, "Medical_Keyword_35": {"count": 18996, "sum": 146.0}, "Medical_Keyword_36": {"count": 19030, "sum": 174.0}, "Medical_Keyword_37": {"count": 18969, "sum": 1260.0}, "Medical_Keyword_38": {"count": 18966, "sum": 109.0}, "Medical_Keyword_39": {"count": 19029, "sum": 260.0}, "Medical_Keyword_40": {"count": 18951, "sum": 1070.0}, "Medical_Keyword_41": {"count": 18992, "sum": 195.0}, "Medical_Keyword_42": {"count": 19013, "sum": 899.0}, "Medical_Keyword_43": {"count": 19020, "sum": 197.0}, "Medical_Keyword_44": {"count": 18997, "sum": 150.0}, "Medical_Keyword_45": {"count": 18978, "sum": 251.0}, "Medical_Keyword_46": {"count": 19006, "sum": 152.0}, "Medical_Keyword_47": {"count": 19008, "sum": 375.0}, "Medical_Keyword_48": {"count": 19034, "sum": 1034.0}, "Response": {"count": 20000, "sum": 112485.0}, "Product_Info_2": {"D4": 3387, "A8": 2178, "D3": 4633, "A2": 605, "D2": 2057, "A1": 761, "A7": 425, "B2": 338, "D1": 2106, "A3": 313, "E1": 820, "A6": 689, "A5": 244, "C1": 87, "C4": 73, "C3": 110, "C2": 62, "B1": 20, "A4": 65}, "Family_Hist_4": {"count": 12838, "sum": 5695.070422693867}, "Medical_History_35": {"count": 18993, "sum": 19039.0}, "Medical_History_36": {"count": 19006, "sum": 41410.0}, "Medical_Keyword_20": {"count": 18976, "sum": 157.0}, "Family_Hist_2": {"count": 9790, "sum": 4633.2463768771295}, "Family_Hist_5": {"count": 5621, "sum": 2721.0089285349927}, "Medical_History_15": {"count": 4830, "sum": 590459.0}, "Medical_History_24": {"count": 1320, "sum": 68898.0}, "Medical_History_32": {"count": 359, "sum": 4779.0}, "Medical_History_10": {"count": 188, "sum": 27324.0}}